Division,Line,Station Name,Station Latitude,Station Longitude,Route1,Route2,Route3,Route4,Route5,Route6,Route7,Route8,Route9,Route10,Route11,Entrance Type,Entry,Exit Only,Vending,Staffing,Staff Hours,ADA,ADA Notes,Free Crossover,North South Street,East West Street,Corner,Entrance Latitude,Entrance Longitude,Station Location,Entrance Location
BMT,4 Avenue,25th St,40.660397,-73.998091,R,,,,,,,,,,,Stair,YES,,YES,FULL,,FALSE,,FALSE,4th Ave,25th St,SE,40.660323,-73.997952,"(40.660397, -73.998091)","(40.660323, -73.997952)"
BMT,4 Avenue,25th St,40.660397,-73.998091,R,,,,,,,,,,,Stair,YES,,YES,NONE,,FALSE,,FALSE,4th Ave,25th St,SW,40.660489,-73.99822,"(40.660397, -73.998091)","(40.660489, -73.998220)"
BMT,4 Avenue,36th St,40.655144,-74.003549,N,R,,,,,,,,,,Stair,YES,,YES,FULL,,FALSE,,TRUE,4th Ave,36th St,NW,40.65449,-74.004499,"(40.655144, -74.003549)","(40.654490, -74.004499)"
BMT,4 Avenue,36th St,40.655144,-74.003549,N,R,,,,,,,,,,Stair,YES,,YES,FULL,,FALSE,,TRUE,4th Ave,36th St,NE,40.654365,-74.004113,"(40.655144, -74.003549)","(40.654365, -74.004113)"
BMT,4 Avenue,36th St,40.655144,-74.003549,N,R,,,,,,,,,,Stair,YES,,YES,FULL,,FALSE,,TRUE,4th Ave,36th St,NW,40.654676,-74.004306,"(40.655144, -74.003549)","(40.654676, -74.004306)"
BMT,4 Avenue,45th St,40.648939,-74.010006,R,,,,,,,,,,,Stair,YES,,YES,FULL,,FALSE,,TRUE,4th Ave,45th St,NE,40.649389,-74.009333,"(40.648939, -74.010006)","(40.649389, -74.009333)"
BMT,4 Avenue,45th St,40.648939,-74.010006,R,,,,,,,,,,,Stair,YES,,YES,FULL,,FALSE,,TRUE,4th Ave,45th St,NW,40.649424,-74.009728,"(40.648939, -74.010006)","(40.649424, -74.009728)"
BMT,4 Avenue,45th St,40.648939,-74.010006,R,,,,,,,,,,,Stair,YES,,YES,FULL,,FALSE,,TRUE,4th Ave,45th St,NE,40.649265,-74.009457,"(40.648939, -74.010006)","(40.649265, -74.009457)"
BMT,4 Avenue,45th St,40.648939,-74.010006,R,,,,,,,,,,,Stair,YES,,YES,FULL,,FALSE,,TRUE,4th Ave,45th St,NW,40.649546,-74.009602,"(40.648939, -74.010006)","(40.649546, -74.009602)"
BMT,4 Avenue,53rd St,40.645069,-74.014034,R,,,,,,,,,,,Stair,YES,,YES,FULL,,FALSE,,TRUE,4th Ave,53rd St,SW,40.644653,-74.01469,"(40.645069, -74.014034)","(40.644653, -74.014690)"
BMT,4 Avenue,53rd St,40.645069,-74.014034,R,,,,,,,,,,,Stair,YES,,YES,FULL,,FALSE,,TRUE,4th Ave,53rd St,SE,40.644493,-74.014419,"(40.645069, -74.014034)","(40.644493, -74.014419)"
BMT,4 Avenue,53rd St,40.645069,-74.014034,R,,,,,,,,,,,Stair,YES,,YES,FULL,,FALSE,,TRUE,4th Ave,53rd St,SW,40.644756,-74.014586,"(40.645069, -74.014034)","(40.644756, -74.014586)"
BMT,4 Avenue,53rd St,40.645069,-74.014034,R,,,,,,,,,,,Stair,YES,,YES,FULL,,FALSE,,TRUE,4th Ave,53rd St,SE,40.644601,-74.014309,"(40.645069, -74.014034)","(40.644601, -74.014309)"
BMT,4 Avenue,53rd St,40.645069,-74.014034,R,,,,,,,,,,,Stair,NO,Yes,NO,NONE,,FALSE,,TRUE,4th Ave,52nd St,NW,40.645619,-74.013688,"(40.645069, -74.014034)","(40.645619, -74.013688)"
BMT,4 Avenue,59th St,40.641362,-74.017881,N,R,,,,,,,,,,Stair,YES,,YES,FULL,,FALSE,,TRUE,4th Ave,59th St,NW,40.641606,-74.017897,"(40.641362, -74.017881)","(40.641606, -74.017897)"
BMT,4 Avenue,59th St,40.641362,-74.017881,N,R,,,,,,,,,,Stair,YES,,YES,FULL,,FALSE,,TRUE,4th Ave,59th St,NE,40.641435,-74.017561,"(40.641362, -74.017881)","(40.641435, -74.017561)"
BMT,4 Avenue,59th St,40.641362,-74.017881,N,R,,,,,,,,,,Stair,YES,,YES,FULL,,FALSE,,TRUE,4th Ave,59th St,NW,40.641778,-74.017722,"(40.641362, -74.017881)","(40.641778, -74.017722)"
BMT,4 Avenue,59th St,40.641362,-74.017881,N,R,,,,,,,,,,Stair,YES,,YES,FULL,,FALSE,,TRUE,4th Ave,59th St,NE,40.641633,-74.017362,"(40.641362, -74.017881)","(40.641633, -74.017362)"
BMT,4 Avenue,59th St,40.641362,-74.017881,N,R,,,,,,,,,,Stair,YES,,YES,NONE,,FALSE,,TRUE,4th Ave,60th St,SW,40.640682,-74.018857,"(40.641362, -74.017881)","(40.640682, -74.018857)"
BMT,4 Avenue,59th St,40.641362,-74.017881,N,R,,,,,,,,,,Stair,YES,,YES,NONE,,FALSE,,TRUE,4th Ave,60th St,SE,40.640501,-74.018531,"(40.641362, -74.017881)","(40.640501, -74.018531)"
BMT,4 Avenue,77th St,40.629742,-74.02551,R,,,,,,,,,,,Stair,YES,,YES,FULL,,FALSE,,TRUE,4th Ave,77th St,NW,40.62955,-74.025731,"(40.629742, -74.02551)","(40.629550, -74.025731)"
BMT,4 Avenue,77th St,40.629742,-74.02551,R,,,,,,,,,,,Stair,YES,,YES,FULL,,FALSE,,TRUE,4th Ave,77th St,NE,40.629503,-74.025452,"(40.629742, -74.02551)","(40.629503, -74.025452)"
BMT,4 Avenue,77th St,40.629742,-74.02551,R,,,,,,,,,,,Stair,NO,Yes,NO,NONE,,FALSE,,TRUE,4th Ave,76th St,NW,40.630221,-74.025459,"(40.629742, -74.02551)","(40.630221, -74.025459)"
BMT,4 Avenue,86th St,40.622687,-74.028398,R,,,,,,,,,,,Stair,YES,,YES,FULL,,FALSE,,TRUE,4th Ave,86th St,SW,40.622656,-74.028547,"(40.622687, -74.028398)","(40.622656, -74.028547)"
BMT,4 Avenue,86th St,40.622687,-74.028398,R,,,,,,,,,,,Stair,YES,,YES,FULL,,FALSE,,TRUE,4th Ave,86th St,SE,40.622583,-74.028315,"(40.622687, -74.028398)","(40.622583, -74.028315)"
BMT,4 Avenue,86th St,40.622687,-74.028398,R,,,,,,,,,,,Stair,YES,,YES,NONE,,FALSE,,TRUE,4th Ave,85th St,SW,40.623498,-74.028204,"(40.622687, -74.028398)","(40.623498, -74.028204)"
BMT,4 Avenue,95th St,40.616622,-74.030876,R,,,,,,,,,,,Stair,YES,,YES,FULL,,FALSE,,TRUE,4th Ave,95th St,SW,40.616021,-74.031383,"(40.616622, -74.030876)","(40.616021, -74.031383)"
BMT,4 Avenue,95th St,40.616622,-74.030876,R,,,,,,,,,,,Stair,YES,,YES,FULL,,FALSE,,TRUE,5th Ave,95th St,NE,40.615893,-74.03086,"(40.616622, -74.030876)","(40.615893, -74.030860)"
BMT,4 Avenue,95th St,40.616622,-74.030876,R,,,,,,,,,,,Stair,YES,,YES,FULL,,FALSE,,TRUE,4th Ave,95th St,NW,40.616189,-74.031234,"(40.616622, -74.030876)","(40.616189, -74.031234)"
BMT,4 Avenue,95th St,40.616622,-74.030876,R,,,,,,,,,,,Stair,YES,,YES,NONE,,FALSE,,TRUE,4th Ave,93th St,SW,40.617587,-74.030696,"(40.616622, -74.030876)","(40.617587, -74.030696)"
BMT,4 Avenue,95th St,40.616622,-74.030876,R,,,,,,,,,,,Stair,YES,,YES,NONE,,FALSE,,TRUE,4th Ave,93th St,NE,40.617363,-74.030404,"(40.616622, -74.030876)","(40.617363, -74.030404)"
BMT,4 Avenue,9th St,40.670847,-73.988302,F,G,R,,,,,,,,,Stair,YES,,YES,FULL,,FALSE,,TRUE,4th Ave,9th St,NE,40.670387,-73.98848,"(40.670847, -73.988302)","(40.670387, -73.988480)"
BMT,4 Avenue,9th St,40.670847,-73.988302,F,G,R,,,,,,,,,Stair,YES,,NO,NONE,,FALSE,,TRUE,4th Ave,9th St,NW,40.670538,-73.988778,"(40.670847, -73.988302)","(40.670538, -73.988778)"
BMT,4 Avenue,Atlantic Av-Barclays Ctr,40.683666,-73.97881,B,Q,D,N,R,2,3,4,5,,,Elevator,YES,,YES,FULL,,TRUE,,TRUE,4th Ave,Pacific St,NE,40.683805,-73.978487,"(40.683666, -73.97881)","(40.683805, -73.978487)"
BMT,4 Avenue,Bay Ridge Av,40.634967,-74.023377,R,,,,,,,,,,,Stair,YES,,YES,FULL,,FALSE,,TRUE,4th Ave,Bay Ridge Ave,NW,40.634827,-74.02358,"(40.634967, -74.023377)","(40.634827, -74.023580)"
BMT,4 Avenue,Bay Ridge Av,40.634967,-74.023377,R,,,,,,,,,,,Stair,YES,,YES,FULL,,FALSE,,TRUE,4th Ave,Bay Ridge Ave,NE,40.634768,-74.023339,"(40.634967, -74.023377)","(40.634768, -74.023339)"
BMT,4 Avenue,Bay Ridge Av,40.634967,-74.023377,R,,,,,,,,,,,Stair,NO,Yes,NO,NONE,,FALSE,,TRUE,4th Ave,68th St,NW,40.635468,-74.023313,"(40.634967, -74.023377)","(40.635468, -74.023313)"
BMT,4 Avenue,DeKalb Av,40.690635,-73.981824,B,Q,R,,,,,,,,,Elevator,YES,,YES,FULL,,TRUE,,TRUE,Flatbush Ave,De Kalb Ave,SE,40.689804,-73.981164,"(40.690635, -73.981824)","(40.689804, -73.981164)"
BMT,4 Avenue,DeKalb Av,40.690635,-73.981824,B,Q,R,,,,,,,,,Stair,YES,,YES,FULL,,TRUE,,TRUE,Flatbush Ave,De Kalb Ave,SW,40.68981,-73.981651,"(40.690635, -73.981824)","(40.689810, -73.981651)"
BMT,4 Avenue,DeKalb Av,40.690635,-73.981824,B,Q,R,,,,,,,,,Stair,YES,,YES,FULL,,TRUE,,TRUE,Flatbush Ave,De Kalb Ave,SE,40.689817,-73.981082,"(40.690635, -73.981824)","(40.689817, -73.981082)"
BMT,4 Avenue,DeKalb Av,40.690635,-73.981824,B,Q,R,,,,,,,,,Stair,YES,,YES,FULL,,TRUE,,TRUE,Flatbush Ave,De Kalb Ave,SE,40.68974,-73.981156,"(40.690635, -73.981824)","(40.689740, -73.981156)"
BMT,4 Avenue,DeKalb Av,40.690635,-73.981824,B,Q,R,,,,,,,,,Easement,YES,,YES,NONE,,TRUE,,TRUE,Flatbush Ave,Fleet St,NW,40.69154,-73.982565,"(40.690635, -73.981824)","(40.691540, -73.982565)"
BMT,4 Avenue,DeKalb Av,40.690635,-73.981824,B,Q,R,,,,,,,,,Stair,YES,,YES,NONE,,TRUE,,TRUE,Flatbush Ave,Fleet St,NE,40.691562,-73.982048,"(40.690635, -73.981824)","(40.691562, -73.982048)"
BMT,4 Avenue,Pacific St,40.683666,-73.97881,B,Q,D,N,R,2,3,4,5,,,Stair,YES,,YES,FULL,,TRUE,,TRUE,4th Ave,Pacific St,NW,40.683905,-73.978879,"(40.683666, -73.97881)","(40.683905, -73.978879)"
BMT,4 Avenue,Pacific St,40.683666,-73.97881,B,Q,D,N,R,2,3,4,5,,,Stair,YES,,YES,FULL,,TRUE,,TRUE,4th Ave,Pacific St,NE,40.683928,-73.978412,"(40.683666, -73.97881)","(40.683928, -73.978412)"
BMT,4 Avenue,Prospect Av,40.665414,-73.992872,R,,,,,,,,,,,Stair,YES,,YES,FULL,,FALSE,,FALSE,4th Ave,Prospect Ave,NE,40.665299,-73.992729,"(40.665414, -73.992872)","(40.665299, -73.992729)"
BMT,4 Avenue,Prospect Av,40.665414,-73.992872,R,,,,,,,,,,,Stair,YES,,YES,FULL,,FALSE,,FALSE,4th Ave,Prospect Ave,SW,40.665058,-73.993002,"(40.665414, -73.992872)","(40.665058, -73.993002)"
BMT,4 Avenue,Prospect Av,40.665414,-73.992872,R,,,,,,,,,,,Stair,YES,,YES,NONE,,FALSE,,FALSE,4th Ave,Prospect Ave,SE,40.665269,-73.993245,"(40.665414, -73.992872)","(40.665269, -73.993245)"
BMT,4 Avenue,Union St,40.677316,-73.98311,R,,,,,,,,,,,Stair,YES,,YES,FULL,,FALSE,,FALSE,4th Ave,Union St,SE,40.677001,-73.983133,"(40.677316, -73.98311)","(40.677001, -73.983133)"
BMT,4 Avenue,Union St,40.677316,-73.98311,R,,,,,,,,,,,Stair,YES,,YES,FULL,,FALSE,,FALSE,4th Ave,Union St,SW,40.677279,-73.983327,"(40.677316, -73.98311)","(40.677279, -73.983327)"
BMT,4 Avenue,Union St,40.677316,-73.98311,R,,,,,,,,,,,Stair,YES,,YES,FULL,,FALSE,,FALSE,4th Ave,Union St,SE,40.677171,-73.98302,"(40.677316, -73.98311)","(40.677171, -73.983020)"
BMT,4 Avenue,Union St,40.677316,-73.98311,R,,,,,,,,,,,Stair,YES,,YES,NONE,,FALSE,,FALSE,4th Ave,Union St,SW,40.677135,-73.983416,"(40.677316, -73.98311)","(40.677135, -73.983416)"
IRT,42nd St Shuttle,Times Square,40.755983,-73.986229,A,C,E,N,Q,R,GS,1,2,3,7,Stair,YES,,YES,NONE,,FALSE,,TRUE,Broadway,43rd St,SW,40.756476,-73.986311,"(40.755983, -73.986229)","(40.756476, -73.986311)"
IND,6 Avenue,34th St,40.749719,-73.987823,B,D,F,M,N,Q,R,,,,,Elevator,YES,,YES,FULL,,TRUE,,TRUE,,,,40.749615,-73.988159,"(40.749719, -73.987823)","(40.749615, -73.988159)"
IND,6 Avenue,34th St,40.749719,-73.987823,B,D,F,M,N,Q,R,,,,,Stair,YES,,YES,FULL,,TRUE,,TRUE,Broadway,34th St,SW,40.749845,-73.988254,"(40.749719, -73.987823)","(40.749845, -73.988254)"
IND,6 Avenue,34th St,40.749719,-73.987823,B,D,F,M,N,Q,R,,,,,Stair,YES,,YES,FULL,,TRUE,,TRUE,Broadway,34th St,NW,40.750088,-73.988142,"(40.749719, -73.987823)","(40.750088, -73.988142)"
IND,6 Avenue,34th St,40.749719,-73.987823,B,D,F,M,N,Q,R,,,,,Stair,YES,,YES,NONE,,TRUE,,TRUE,Broadway,35th St,SW,40.750674,-73.988031,"(40.749719, -73.987823)","(40.750674, -73.988031)"
IND,6 Avenue,34th St,40.749719,-73.987823,B,D,F,M,N,Q,R,,,,,Stair,YES,,YES,NONE,,TRUE,,TRUE,6th Ave,35th St,SE,40.750271,-73.987066,"(40.749719, -73.987823)","(40.750271, -73.987066)"
IND,6 Avenue,34th St,40.749719,-73.987823,B,D,F,M,N,Q,R,,,,,Stair,YES,,YES,NONE,,TRUE,,TRUE,Broadway,35th St,NW,40.75088,-73.988096,"(40.749719, -73.987823)","(40.750880, -73.988096)"
IND,6 Avenue,34th St,40.749719,-73.987823,B,D,F,M,N,Q,R,,,,,Stair,YES,,YES,NONE,,TRUE,,TRUE,6th Ave,35th St,NW,40.750647,-73.987346,"(40.749719, -73.987823)","(40.750647, -73.987346)"
IND,6 Avenue,34th St,40.749719,-73.987823,B,D,F,M,N,Q,R,,,,,Stair,YES,,YES,NONE,,TRUE,,TRUE,6th Ave,35th St,NE,40.750404,-73.986989,"(40.749719, -73.987823)","(40.750404, -73.986989)"
IND,6 Avenue,34th St,40.749719,-73.987823,B,D,F,M,N,Q,R,,,,,Easement,YES,,YES,PART,6:35am-9:40pm everyday,TRUE,,TRUE,6th Ave,33rd St,SW,40.74895,-73.988623,"(40.749719, -73.987823)","(40.748950, -73.988623)"
IND,6 Avenue,34th St,40.749719,-73.987823,B,D,F,M,N,Q,R,,,,,Easement,YES,,YES,PART,6:35am-9:40pm everyday,TRUE,,TRUE,6th Ave,32nd St,NW,40.748746,-73.988774,"(40.749719, -73.987823)","(40.748746, -73.988774)"
IND,6 Avenue,Smith-9th St,40.67358,-73.995959,F,G,R,,,,,,,,,Door,YES,,YES,FULL,,FALSE,,TRUE,Smith St,9th St,NE,40.674725,-73.997505,"(40.67358, -73.995959)","(40.674725, -73.997505)"
IND,8 Avenue,42nd St,40.757308,-73.989735,A,C,E,N,Q,R,S,1,2,3,7,Easement,YES,,YES,FULL,,TRUE,,TRUE,8th Ave,42nd St,NE,40.757286,-73.989582,"(40.757308, -73.989735)","(40.757286, -73.989582)"
IND,8 Avenue,42nd St,40.757308,-73.989735,A,C,E,N,Q,R,S,1,2,3,7,Easement,YES,,YES,FULL,,TRUE,,TRUE,8th Ave,40th St,SW,40.755989,-73.991049,"(40.757308, -73.989735)","(40.755989, -73.991049)"
IND,8 Avenue,42nd St,40.757308,-73.989735,A,C,E,N,Q,R,S,1,2,3,7,Stair,YES,,YES,FULL,,TRUE,,TRUE,8th Ave,40th St,SE,40.755801,-73.990576,"(40.757308, -73.989735)","(40.755801, -73.990576)"
IND,8 Avenue,42nd St,40.757308,-73.989735,A,C,E,N,Q,R,S,1,2,3,7,Stair,YES,,YES,FULL,,TRUE,,TRUE,8th Ave,40th St,NW,40.756101,-73.990887,"(40.757308, -73.989735)","(40.756101, -73.990887)"
IND,8 Avenue,42nd St,40.757308,-73.989735,A,C,E,N,Q,R,S,1,2,3,7,Stair,YES,,YES,NONE,,TRUE,,TRUE,8th Ave,44th St,SW,40.758567,-73.989053,"(40.757308, -73.989735)","(40.758567, -73.989053)"
IND,8 Avenue,42nd St,40.757308,-73.989735,A,C,E,N,Q,R,S,1,2,3,7,Stair,YES,,YES,NONE,,TRUE,,TRUE,8th Ave,44th St,SE,40.758401,-73.988673,"(40.757308, -73.989735)","(40.758401, -73.988673)"
IND,8 Avenue,42nd St,40.757308,-73.989735,A,C,E,N,Q,R,S,1,2,3,7,Stair,YES,,YES,NONE,,TRUE,,TRUE,8th Ave,44th St,NW,40.758685,-73.98899,"(40.757308, -73.989735)","(40.758685, -73.988990)"
IND,8 Avenue,42nd St,40.757308,-73.989735,A,C,E,N,Q,R,S,1,2,3,7,Stair,NO,,NO,NONE,,TRUE,,TRUE,8th Ave,43rd St,SW,40.757929,-73.989547,"(40.757308, -73.989735)","(40.757929, -73.989547)"
IND,8 Avenue,42nd St,40.757308,-73.989735,A,C,E,N,Q,R,S,1,2,3,7,Stair,NO,,NO,NONE,,TRUE,,TRUE,8th Ave,42nd St,NW,40.757463,-73.989984,"(40.757308, -73.989735)","(40.757463, -73.989984)"
BMT,Brighton,Atlantic Av,40.68446,-73.97689,B,Q,D,N,R,2,3,4,5,,,Easement,YES,,YES,NONE,,TRUE,,TRUE,Ashland Pl,Hanson Pl,NE,40.685222,-73.977628,"(40.68446, -73.97689)","(40.685222, -73.977628)"
BMT,Broadway,23rd St,40.741303,-73.989344,N,R,,,,,,,,,,Stair,YES,,YES,FULL,,FALSE,,FALSE,Broadway,23rd St,SE,40.74108,-73.989083,"(40.741303, -73.989344)","(40.741080, -73.989083)"
BMT,Broadway,23rd St,40.741303,-73.989344,N,R,,,,,,,,,,Stair,YES,,YES,FULL,,FALSE,,FALSE,Broadway,23rd St,SE,40.741111,-73.98892,"(40.741303, -73.989344)","(40.741111, -73.988920)"
BMT,Broadway,23rd St,40.741303,-73.989344,N,R,,,,,,,,,,Stair,YES,,YES,FULL,,FALSE,,FALSE,Broadway,23rd St,NE,40.741378,-73.988895,"(40.741303, -73.989344)","(40.741378, -73.988895)"
BMT,Broadway,23rd St,40.741303,-73.989344,N,R,,,,,,,,,,Stair,YES,,YES,FULL,,FALSE,,FALSE,Broadway,23rd St,NE,40.741539,-73.988989,"(40.741303, -73.989344)","(40.741539, -73.988989)"
BMT,Broadway,23rd St,40.741303,-73.989344,N,R,,,,,,,,,,Stair,YES,,NO,NONE,,FALSE,,FALSE,Broadway,22nd St,NE,40.740643,-73.989217,"(40.741303, -73.989344)","(40.740643, -73.989217)"
BMT,Broadway,23rd St,40.741303,-73.989344,N,R,,,,,,,,,,Stair,YES,,YES,NONE,,FALSE,,FALSE,5th Ave,22nd St,NE,40.741208,-73.989639,"(40.741303, -73.989344)","(40.741208, -73.989639)"
BMT,Broadway,23rd St,40.741303,-73.989344,N,R,,,,,,,,,,Stair,YES,,YES,NONE,,FALSE,,FALSE,Broadway,23rd St,NW,40.741913,-73.989428,"(40.741303, -73.989344)","(40.741913, -73.989428)"
BMT,Broadway,23rd St,40.741303,-73.989344,N,R,,,,,,,,,,Stair,NO,Yes,NO,NONE,,FALSE,,FALSE,Broadway,22nd St,NW,40.740758,-73.989632,"(40.741303, -73.989344)","(40.740758, -73.989632)"
BMT,Broadway,28th St,40.745494,-73.988691,N,R,,,,,,,,,,Stair,YES,,YES,FULL,,FALSE,,FALSE,Broadway,28th St,SE,40.745089,-73.988472,"(40.745494, -73.988691)","(40.745089, -73.988472)"
BMT,Broadway,28th St,40.745494,-73.988691,N,R,,,,,,,,,,Stair,YES,,YES,FULL,,FALSE,,FALSE,Broadway,28th St,NE,40.745299,-73.988579,"(40.745494, -73.988691)","(40.745299, -73.988579)"
BMT,Broadway,28th St,40.745494,-73.988691,N,R,,,,,,,,,,Stair,YES,,YES,NONE,,FALSE,,FALSE,Broadway,28th St,SW,40.745281,-73.988923,"(40.745494, -73.988691)","(40.745281, -73.988923)"
BMT,Broadway,28th St,40.745494,-73.988691,N,R,,,,,,,,,,Stair,YES,,YES,NONE,,FALSE,,FALSE,Broadway,28th St,NW,40.745488,-73.98901,"(40.745494, -73.988691)","(40.745488, -73.989010)"
BMT,Broadway,34th St,40.749567,-73.98795,B,D,F,M,N,Q,R,,,,,Stair,YES,,YES,NONE,,TRUE,,TRUE,6th Ave,34th St,SE,40.74959,-73.98762,"(40.749567, -73.98795)","(40.749590, -73.987620)"
BMT,Broadway,34th St,40.749567,-73.98795,B,D,F,M,N,Q,R,,,,,Stair,YES,,YES,NONE,,TRUE,,TRUE,6th Ave,34th St,NE,40.749891,-73.987495,"(40.749567, -73.98795)","(40.749891, -73.987495)"
BMT,Broadway,34th St,40.749567,-73.98795,B,D,F,M,N,Q,R,,,,,Stair,YES,,YES,NONE,,TRUE,,TRUE,Broadway,32nd St,NE,40.748294,-73.987976,"(40.749567, -73.98795)","(40.748294, -73.987976)"
BMT,Broadway,34th St,40.749567,-73.98795,B,D,F,M,N,Q,R,,,,,Stair,YES,,YES,NONE,,TRUE,,TRUE,Broadway,32nd St,NW,40.748477,-73.988288,"(40.749567, -73.98795)","(40.748477, -73.988288)"
BMT,Broadway,49th St,40.759901,-73.984139,N,Q,R,,,,,,,,,Stair,YES,,YES,FULL,,TRUE,Northbound Only,FALSE,7th Ave,49th St,SW,40.760486,-73.983974,"(40.759901, -73.984139)","(40.760486, -73.983974)"
BMT,Broadway,49th St,40.759901,-73.984139,N,Q,R,,,,,,,,,Stair,YES,,YES,FULL,,TRUE,Northbound Only,FALSE,7th Ave,49th St,NW,40.760621,-73.983904,"(40.759901, -73.984139)","(40.760621, -73.983904)"
BMT,Broadway,49th St,40.759901,-73.984139,N,Q,R,,,,,,,,,Easement,YES,,YES,NONE,,TRUE,Northbound Only,FALSE,7th Ave,49th St,NE,40.760454,-73.983388,"(40.759901, -73.984139)","(40.760454, -73.983388)"
BMT,Broadway,49th St,40.759901,-73.984139,N,Q,R,,,,,,,,,Easement,YES,,YES,NONE,,TRUE,Northbound Only,FALSE,7th Ave,47th St,SE,40.75903,-73.984412,"(40.759901, -73.984139)","(40.759030, -73.984412)"
BMT,Broadway,49th St,40.759901,-73.984139,N,Q,R,,,,,,,,,Easement,YES,,YES,NONE,,TRUE,Northbound Only,FALSE,Broadway,47th St,NE,40.759513,-73.984884,"(40.759901, -73.984139)","(40.759513, -73.984884)"
BMT,Broadway,49th St,40.759901,-73.984139,N,Q,R,,,,,,,,,Easement,YES,,YES,NONE,,TRUE,Northbound Only,FALSE,7th Ave,47th St,NW,40.759384,-73.984709,"(40.759901, -73.984139)","(40.759384, -73.984709)"
BMT,Broadway,49th St,40.759901,-73.984139,N,Q,R,,,,,,,,,Stair,YES,,YES,NONE,,TRUE,Northbound Only,FALSE,7th Ave,49th St,SE,40.760297,-73.983567,"(40.759901, -73.984139)","(40.760297, -73.983567)"
BMT,Broadway,57th St,40.764664,-73.980658,N,Q,R,,,,,,,,,Stair,YES,,YES,FULL,,FALSE,,TRUE,7th Ave,57th St,SW,40.765365,-73.980341,"(40.764664, -73.980658)","(40.765365, -73.980341)"
BMT,Broadway,57th St,40.764664,-73.980658,N,Q,R,,,,,,,,,Stair,YES,,YES,FULL,,FALSE,,TRUE,7th Ave,57th St,SE,40.765298,-73.980033,"(40.764664, -73.980658)","(40.765298, -73.980033)"
BMT,Broadway,57th St,40.764664,-73.980658,N,Q,R,,,,,,,,,Stair,YES,,YES,FULL,,FALSE,,TRUE,7th Ave,57th St,NW,40.765796,-73.980012,"(40.764664, -73.980658)","(40.765796, -73.980012)"
BMT,Broadway,57th St,40.764664,-73.980658,N,Q,R,,,,,,,,,Stair,YES,,YES,FULL,,FALSE,,TRUE,7th Ave,57th St,NE,40.765639,-73.979764,"(40.764664, -73.980658)","(40.765639, -73.979764)"
BMT,Broadway,57th St,40.764664,-73.980658,N,Q,R,,,,,,,,,Stair,YES,,YES,NONE,,FALSE,,TRUE,7th Ave,55th St,SW,40.764258,-73.981278,"(40.764664, -73.980658)","(40.764258, -73.981278)"
BMT,Broadway,57th St,40.764664,-73.980658,N,Q,R,,,,,,,,,Stair,YES,,YES,NONE,,FALSE,,TRUE,7th Ave,55th St,SE,40.764057,-73.980803,"(40.764664, -73.980658)","(40.764057, -73.980803)"
BMT,Broadway,57th St,40.764664,-73.980658,N,Q,R,,,,,,,,,Stair,YES,,YES,NONE,,FALSE,,TRUE,7th Ave,55th St,NW,40.764377,-73.981167,"(40.764664, -73.980658)","(40.764377, -73.981167)"
BMT,Broadway,57th St,40.764664,-73.980658,N,Q,R,,,,,,,,,Stair,YES,,YES,NONE,,FALSE,,TRUE,7th Ave,55th St,NE,40.764179,-73.980683,"(40.764664, -73.980658)","(40.764179, -73.980683)"
BMT,Broadway,5th Av,40.764811,-73.973347,N,Q,R,,,,,,,,,Stair,YES,,YES,FULL,,FALSE,,TRUE,5th Ave,60th St,NW,40.765156,-73.972501,"(40.764811, -73.973347)","(40.765156, -73.972501)"
BMT,Broadway,5th Av,40.764811,-73.973347,N,Q,R,,,,,,,,,Stair,YES,,YES,FULL,,FALSE,,TRUE,5th Ave,60th St,SE,40.764728,-73.972396,"(40.764811, -73.973347)","(40.764728, -73.972396)"
BMT,Broadway,5th Av,40.764811,-73.973347,N,Q,R,,,,,,,,,Stair,YES,,YES,FULL,,FALSE,,TRUE,5th Ave,60th St,NE,40.764849,-73.972306,"(40.764811, -73.973347)","(40.764849, -73.972306)"
BMT,Broadway,5th Av,40.764811,-73.973347,N,Q,R,,,,,,,,,Stair,YES,,YES,FULL,,FALSE,,TRUE,5th Ave,60th St,SE,40.764657,-73.972229,"(40.764811, -73.973347)","(40.764657, -73.972229)"
BMT,Broadway,5th Av,40.764811,-73.973347,N,Q,R,,,,,,,,,Easement,YES,,YES,NONE,,FALSE,,TRUE,Grand Army Plaza,Central Park South,SW,40.764599,-73.974228,"(40.764811, -73.973347)","(40.764599, -73.974228)"
BMT,Broadway,5th Av,40.764811,-73.973347,N,Q,R,,,,,,,,,Stair,YES,,YES,NONE,,FALSE,,TRUE,Grand Army Plaza,Central Park South,NE,40.764935,-73.974191,"(40.764811, -73.973347)","(40.764935, -73.974191)"
BMT,Broadway,5th Av,40.764811,-73.973347,N,Q,R,,,,,,,,,Stair,YES,,YES,NONE,,FALSE,,TRUE,Grand Army Plaza,Central Park South,NE,40.764859,-73.973998,"(40.764811, -73.973347)","(40.764859, -73.973998)"
BMT,Broadway,8th St,40.730328,-73.992629,N,R,,,,,,,,,,Stair,YES,,YES,FULL,,FALSE,,FALSE,Broadway,8th Ave,SE,40.730477,-73.992286,"(40.730328, -73.992629)","(40.730477, -73.992286)"
BMT,Broadway,8th St,40.730328,-73.992629,N,R,,,,,,,,,,Stair,YES,,YES,FULL,,FALSE,,FALSE,Broadway,8th Ave,NE,40.730578,-73.992216,"(40.730328, -73.992629)","(40.730578, -73.992216)"
BMT,Broadway,8th St,40.730328,-73.992629,N,R,,,,,,,,,,Stair,YES,,NO,NONE,,FALSE,,FALSE,Broadway,Waverly Pl,NE,40.729678,-73.993051,"(40.730328, -73.992629)","(40.729678, -73.993051)"
BMT,Broadway,8th St,40.730328,-73.992629,N,R,,,,,,,,,,Stair,YES,,YES,NONE,,FALSE,,FALSE,Broadway,8th Ave,SW,40.730642,-73.992737,"(40.730328, -73.992629)","(40.730642, -73.992737)"
BMT,Broadway,8th St,40.730328,-73.992629,N,R,,,,,,,,,,Stair,YES,,YES,NONE,,FALSE,,FALSE,Broadway,8th Ave,SW,40.730592,-73.99262,"(40.730328, -73.992629)","(40.730592, -73.992620)"
BMT,Broadway,8th St,40.730328,-73.992629,N,R,,,,,,,,,,Stair,YES,,YES,NONE,,FALSE,,FALSE,Broadway,8th Ave,NW,40.730716,-73.992517,"(40.730328, -73.992629)","(40.730716, -73.992517)"
BMT,Broadway,8th St,40.730328,-73.992629,N,R,,,,,,,,,,Stair,YES,,YES,NONE,,FALSE,,FALSE,Broadway,8th Ave,NW,40.730773,-73.992641,"(40.730328, -73.992629)","(40.730773, -73.992641)"
BMT,Broadway,8th St,40.730328,-73.992629,N,R,,,,,,,,,,Stair,NO,,NO,NONE,,FALSE,,FALSE,Broadway,Waverly Pl,NW,40.729778,-73.993262,"(40.730328, -73.992629)","(40.729778, -73.993262)"
BMT,Broadway,Canal St (UL),40.719527,-74.001775,J,N,Q,R,Z,6,,,,,,Stair,YES,,YES,NONE,,FALSE,,TRUE,Broadway,Canal St,NW,40.719585,-74.00193,"(40.719527, -74.001775)","(40.719585, -74.001930)"
BMT,Broadway,Canal St (UL),40.719527,-74.001775,J,N,Q,R,Z,6,,,,,,Stair,YES,,YES,NONE,,FALSE,,TRUE,Broadway,Canal St,NW,40.71966,-74.002019,"(40.719527, -74.001775)","(40.719660, -74.002019)"
BMT,Broadway,Canal St (UL),40.719527,-74.001775,J,N,Q,R,Z,6,,,,,,Stair,YES,,YES,NONE,,FALSE,,TRUE,Broadway,Canal St,SW,40.719408,-74.002158,"(40.719527, -74.001775)","(40.719408, -74.002158)"
BMT,Broadway,Canal St (UL),40.719527,-74.001775,J,N,Q,R,Z,6,,,,,,Stair,YES,,YES,NONE,,FALSE,,TRUE,Broadway,Canal St,SW,40.71946,-74.002236,"(40.719527, -74.001775)","(40.719460, -74.002236)"
BMT,Broadway,Canal St (UL),40.719527,-74.001775,J,N,Q,R,Z,6,,,,,,Stair,YES,,YES,PART,6am-9:40pm everyday,FALSE,,TRUE,Broadway,Canal St,NE,40.719498,-74.001606,"(40.719527, -74.001775)","(40.719498, -74.001606)"
BMT,Broadway,Canal St (UL),40.719527,-74.001775,J,N,Q,R,Z,6,,,,,,Stair,YES,,YES,PART,6am-9:40pm everyday,FALSE,,TRUE,Broadway,Canal St,SE,40.719218,-74.00185,"(40.719527, -74.001775)","(40.719218, -74.001850)"
BMT,Broadway,Canal St (UL),40.719527,-74.001775,J,N,Q,R,Z,6,,,,,,Stair,YES,,YES,PART,6am-9:40pm everyday,FALSE,,TRUE,Broadway,Canal St,SE,40.719166,-74.001774,"(40.719527, -74.001775)","(40.719166, -74.001774)"
BMT,Broadway,City Hall,40.713282,-74.006978,R,,,,,,,,,,,Stair,YES,,YES,FULL,,FALSE,,TRUE,Broadway,Warren St,SE,40.71311,-74.007045,"(40.713282, -74.006978)","(40.713110, -74.007045)"
BMT,Broadway,City Hall,40.713282,-74.006978,R,,,,,,,,,,,Stair,YES,,YES,FULL,,FALSE,,TRUE,Broadway,Warren St,NE,40.713437,-74.00676,"(40.713282, -74.006978)","(40.713437, -74.006760)"
BMT,Broadway,City Hall,40.713282,-74.006978,R,,,,,,,,,,,Stair,YES,,YES,FULL,,FALSE,,TRUE,Broadway,Warren St,SE,40.713521,-74.006697,"(40.713282, -74.006978)","(40.713521, -74.006697)"
BMT,Broadway,Cortlandt St,40.710668,-74.011029,R,,,,,,,,,,,Stair,NO,,NO,FULL,,FALSE,,TRUE,Church St,Dey St,NE,40.710871,-74.010767,"(40.710668, -74.011029)","(40.710871, -74.010767)"
BMT,Broadway,Cortlandt St,40.710668,-74.011029,R,,,,,,,,,,,Stair,NO,,NO,FULL,,FALSE,,TRUE,Church St,Dey St,SE,40.711065,-74.010644,"(40.710668, -74.011029)","(40.711065, -74.010644)"
BMT,Broadway,Cortlandt St,40.710668,-74.011029,R,,,,,,,,,,,Easement,YES,,YES,NONE,,FALSE,,TRUE,Church St,Cortlandt St,SE,40.710201,-74.011198,"(40.710668, -74.011029)","(40.710201, -74.011198)"
BMT,Broadway,Cortlandt St,40.710668,-74.011029,R,,,,,,,,,,,Stair,YES,,YES,NONE,,FALSE,,TRUE,Church St,Cortlandt St,NE,40.710435,-74.011066,"(40.710668, -74.011029)","(40.710435, -74.011066)"
BMT,Broadway,Court St,40.6941,-73.991777,R,2,3,4,5,,,,,,,Stair,YES,,YES,NONE,,FALSE,,TRUE,Clinton St,Montague St,NW,40.694416,-73.992619,"(40.6941, -73.991777)","(40.694416, -73.992619)"
BMT,Broadway,Court St,40.6941,-73.991777,R,2,3,4,5,,,,,,,Stair,YES,,YES,NONE,,FALSE,,TRUE,Clinton St,Montague St,SW,40.694232,-73.992635,"(40.6941, -73.991777)","(40.694232, -73.992635)"
BMT,Broadway,Court St,40.6941,-73.991777,R,2,3,4,5,,,,,,,Stair,YES,,YES,NONE,,FALSE,,TRUE,Clinton St,Montague St,NW,40.694475,-73.99283,"(40.6941, -73.991777)","(40.694475, -73.992830)"
BMT,Broadway,Lawrence St,40.69218,-73.985942,A,C,F,R,,,,,,,,Stair,YES,,YES,FULL,,FALSE,,TRUE,Lawrence St,Willoughby St,SE,40.692114,-73.986107,"(40.69218, -73.985942)","(40.692114, -73.986107)"
BMT,Broadway,Lawrence St,40.69218,-73.985942,A,C,F,R,,,,,,,,Stair,YES,,YES,FULL,,FALSE,,TRUE,Lawrence St,Willoughby St,SE,40.692258,-73.986114,"(40.69218, -73.985942)","(40.692258, -73.986114)"
BMT,Broadway,Lawrence St,40.69218,-73.985942,A,C,F,R,,,,,,,,Stair,YES,,YES,FULL,,FALSE,,TRUE,Lawrence St,Willoughby St,NE,40.692052,-73.986191,"(40.69218, -73.985942)","(40.692052, -73.986191)"
BMT,Broadway,Lawrence St,40.69218,-73.985942,A,C,F,R,,,,,,,,Stair,YES,,YES,FULL,,FALSE,,TRUE,Lawrence St,Willoughby St,NE,40.692359,-73.986181,"(40.69218, -73.985942)","(40.692359, -73.986181)"
BMT,Broadway,Lawrence St,40.69218,-73.985942,A,C,F,R,,,,,,,,Stair,YES,,YES,NONE,,FALSE,,TRUE,Bridge St,Willoughby St,SE,40.69198,-73.98519,"(40.69218, -73.985942)","(40.691980, -73.985190)"
BMT,Broadway,Lawrence St,40.69218,-73.985942,A,C,F,R,,,,,,,,Stair,YES,,YES,NONE,,FALSE,,TRUE,Bridge St,Willoughby St,NE,40.692315,-73.985172,"(40.69218, -73.985942)","(40.692315, -73.985172)"
BMT,Broadway,Lawrence St,40.69218,-73.985942,A,C,F,R,,,,,,,,Stair,YES,,YES,NONE,,FALSE,,TRUE,Bridge St,Willoughby St,SW,40.692031,-73.985395,"(40.69218, -73.985942)","(40.692031, -73.985395)"
BMT,Broadway,Lexington Av,40.76266,-73.967258,N,Q,R,4,5,6,,,,,,Stair,YES,,YES,NONE,,FALSE,,TRUE,3rd Ave,60th St,SW,40.762092,-73.96634,"(40.76266, -73.967258)","(40.762092, -73.966340)"
BMT,Broadway,Lexington Av,40.76266,-73.967258,N,Q,R,4,5,6,,,,,,Stair,YES,,YES,NONE,,FALSE,,TRUE,3rd Ave,60th St,NW,40.762353,-73.966155,"(40.76266, -73.967258)","(40.762353, -73.966155)"
BMT,Broadway,Lexington Av,40.76266,-73.967258,N,Q,R,4,5,6,,,,,,Stair,YES,,YES,NONE,,FALSE,,TRUE,3rd Ave,60th St,SE,40.761996,-73.966105,"(40.76266, -73.967258)","(40.761996, -73.966105)"
BMT,Broadway,Lexington Av,40.76266,-73.967258,N,Q,R,4,5,6,,,,,,Stair,YES,,YES,NONE,,FALSE,,TRUE,3rd Ave,60th St,NE,40.762255,-73.965918,"(40.76266, -73.967258)","(40.762255, -73.965918)"
BMT,Broadway,Prince St,40.724329,-73.997702,N,R,,,,,,,,,,Stair,YES,,YES,FULL,,FALSE,,FALSE,Broadway,Prince St,SE,40.724124,-73.997686,"(40.724329, -73.997702)","(40.724124, -73.997686)"
BMT,Broadway,Prince St,40.724329,-73.997702,N,R,,,,,,,,,,Stair,YES,,YES,FULL,,FALSE,,FALSE,Broadway,Prince St,NE,40.72422,-73.997633,"(40.724329, -73.997702)","(40.724220, -73.997633)"
BMT,Broadway,Prince St,40.724329,-73.997702,N,R,,,,,,,,,,Stair,YES,,YES,NONE,,FALSE,,FALSE,Broadway,Prince St,SW,40.72426,-73.997957,"(40.724329, -73.997702)","(40.724260, -73.997957)"
BMT,Broadway,Prince St,40.724329,-73.997702,N,R,,,,,,,,,,Stair,YES,,YES,NONE,,FALSE,,FALSE,Broadway,Prince St,NW,40.724344,-73.997875,"(40.724329, -73.997702)","(40.724344, -73.997875)"
BMT,Broadway,Rector St,40.70722,-74.013342,R,,,,,,,,,,,Stair,YES,,YES,FULL,,FALSE,,FALSE,Trinity Pl,Rector St,SE,40.707647,-74.012924,"(40.70722, -74.013342)","(40.707647, -74.012924)"
BMT,Broadway,Rector St,40.70722,-74.013342,R,,,,,,,,,,,Stair,YES,,YES,FULL,,FALSE,,FALSE,Trinity Pl,Rector St,NE,40.707902,-74.012774,"(40.70722, -74.013342)","(40.707902, -74.012774)"
BMT,Broadway,Rector St,40.70722,-74.013342,R,,,,,,,,,,,Stair,YES,,YES,FULL,,FALSE,,FALSE,Trinity Pl,Rector St,NE,40.708028,-74.012696,"(40.70722, -74.013342)","(40.708028, -74.012696)"
BMT,Broadway,Rector St,40.70722,-74.013342,R,,,,,,,,,,,Stair,YES,,NO,NONE,,FALSE,,FALSE,Greenwich St,Morris St,NE,40.706345,-74.014,"(40.70722, -74.013342)","(40.706345, -74.014000)"
BMT,Broadway,Rector St,40.70722,-74.013342,R,,,,,,,,,,,Stair,YES,,YES,NONE,,FALSE,,FALSE,Trinity Pl,Rector St,SW,40.707495,-74.013273,"(40.70722, -74.013342)","(40.707495, -74.013273)"
BMT,Broadway,Rector St,40.70722,-74.013342,R,,,,,,,,,,,Stair,YES,,YES,NONE,,FALSE,,FALSE,Trinity Pl,Rector St,SW,40.707659,-74.013166,"(40.70722, -74.013342)","(40.707659, -74.013166)"
BMT,Broadway,Rector St,40.70722,-74.013342,R,,,,,,,,,,,Stair,YES,,YES,NONE,,FALSE,,FALSE,Trinity Pl,Rector St,NW,40.70795,-74.012963,"(40.70722, -74.013342)","(40.707950, -74.012963)"
BMT,Broadway,Rector St,40.70722,-74.013342,R,,,,,,,,,,,Stair,YES,,YES,NONE,,FALSE,,FALSE,Trinity Pl,Rector St,NW,40.708083,-74.012863,"(40.70722, -74.013342)","(40.708083, -74.012863)"
BMT,Broadway,Rector St,40.70722,-74.013342,R,,,,,,,,,,,Stair,NO,Yes,NO,NONE,,FALSE,,FALSE,Trinity Pl,Exchange Alley,NW,40.707225,-74.013454,"(40.70722, -74.013342)","(40.707225, -74.013454)"
BMT,Broadway,Times Square-42nd St,40.754672,-73.986754,A,C,E,N,Q,R,S,1,2,3,7,Stair,YES,,YES,NONE,,TRUE,Shuttle not ADA,TRUE,Broadway,40th St,SE,40.754172,-73.98668,"(40.754672, -73.986754)","(40.754172, -73.986680)"
BMT,Broadway,Times Square-42nd St,40.754672,-73.986754,A,C,E,N,Q,R,S,1,2,3,7,Stair,YES,,YES,NONE,,TRUE,Shuttle not ADA,TRUE,Broadway,40th St,SW,40.754335,-73.987097,"(40.754672, -73.986754)","(40.754335, -73.987097)"
BMT,Broadway,Times Square-42nd St,40.754672,-73.986754,A,C,E,N,Q,R,S,1,2,3,7,Stair,YES,,YES,NONE,,TRUE,Shuttle not ADA,TRUE,Broadway,40th St,NE,40.754301,-73.986623,"(40.754672, -73.986754)","(40.754301, -73.986623)"
BMT,Broadway,Times Square-42nd St,40.754672,-73.986754,A,C,E,N,Q,R,S,1,2,3,7,Stair,YES,,YES,NONE,,TRUE,Shuttle not ADA,TRUE,Broadway,40th St,NW,40.754507,-73.987108,"(40.754672, -73.986754)","(40.754507, -73.987108)"
BMT,Broadway,Union Square,40.735736,-73.990568,L,N,Q,R,4,5,6,,,,,Stair,YES,,YES,FULL,,TRUE,Lex not ADA,TRUE,Broadway,14th St,NE,40.735278,-73.991058,"(40.735736, -73.990568)","(40.735278, -73.991058)"
BMT,Broadway,Union Square,40.735736,-73.990568,L,N,Q,R,4,5,6,,,,,Stair,YES,,YES,NONE,,TRUE,Lex not ADA,TRUE,Broadway,16th St,SE,40.736339,-73.990603,"(40.735736, -73.990568)","(40.736339, -73.990603)"
BMT,Broadway,Union Square,40.735736,-73.990568,L,N,Q,R,4,5,6,,,,,Stair,YES,,YES,NONE,,TRUE,Lex not ADA,TRUE,Broadway,16th St,NE,40.736523,-73.990447,"(40.735736, -73.990568)","(40.736523, -73.990447)"
BMT,Broadway,Union Square,40.735736,-73.990568,L,N,Q,R,4,5,6,,,,,Stair,NO,,NO,NONE,,TRUE,Lex not ADA,TRUE,4th Ave,15th St,SW,40.735311,-73.990265,"(40.735736, -73.990568)","(40.735311, -73.990265)"
BMT,Broadway,Whitehall St,40.703087,-74.012994,R,1,,,,,,,,,,Stair,YES,,NO,FULL,,FALSE,,TRUE,,,,40.701938,-74.012588,"(40.703087, -74.012994)","(40.701938, -74.012588)"
BMT,Broadway,Whitehall St,40.703087,-74.012994,R,1,,,,,,,,,,Stair,YES,,NO,FULL,,FALSE,,TRUE,,,,40.702108,-74.012642,"(40.703087, -74.012994)","(40.702108, -74.012642)"
BMT,Broadway,Whitehall St,40.703087,-74.012994,R,1,,,,,,,,,,Stair,YES,,YES,FULL,,FALSE,,TRUE,,,,40.702108,-74.012642,"(40.703087, -74.012994)","(40.702108, -74.012642)"
BMT,Broadway,Whitehall St,40.703087,-74.012994,R,1,,,,,,,,,,Stair,YES,,YES,NONE,,FALSE,,TRUE,,,,40.704015,-74.013284,"(40.703087, -74.012994)","(40.704015, -74.013284)"
BMT,Broadway,Whitehall St,40.703087,-74.012994,R,1,,,,,,,,,,Stair,YES,,YES,NONE,,FALSE,,TRUE,,,,40.704114,-74.013,"(40.703087, -74.012994)","(40.704114, -74.013000)"
BMT,Broadway,Whitehall St,40.703087,-74.012994,R,1,,,,,,,,,,Stair,YES,,YES,NONE,,FALSE,,TRUE,,,,40.704096,-74.013293,"(40.703087, -74.012994)","(40.704096, -74.013293)"
IRT,Broadway-7th Ave,South Ferry,40.702068,-74.013664,R,1,,,,,,,,,,Elevator,YES,,NO,FULL,,TRUE,,TRUE,,,,40.702033,-74.013149,"(40.702068, -74.013664)","(40.702033, -74.013149)"
IRT,Broadway-7th Ave,South Ferry,40.702068,-74.013664,R,1,,,,,,,,,,Elevator,YES,,YES,FULL,,TRUE,,TRUE,,,,40.702033,-74.013149,"(40.702068, -74.013664)","(40.702033, -74.013149)"
IRT,Broadway-7th Ave,South Ferry,40.702068,-74.013664,R,1,,,,,,,,,,Escalator,YES,,NO,FULL,,TRUE,,TRUE,,,,40.701961,-74.013397,"(40.702068, -74.013664)","(40.701961, -74.013397)"
IRT,Broadway-7th Ave,South Ferry,40.702068,-74.013664,R,1,,,,,,,,,,Escalator,YES,,YES,FULL,,TRUE,,TRUE,,,,40.701961,-74.013397,"(40.702068, -74.013664)","(40.701961, -74.013397)"
IRT,Broadway-7th Ave,South Ferry,40.702068,-74.013664,R,1,,,,,,,,,,Stair,NO,,NO,NONE,,TRUE,,TRUE,,,,40.701313,-74.013479,"(40.702068, -74.013664)","(40.701313, -74.013479)"
IRT,Broadway-7th Ave,Times Square,40.75529,-73.987495,A,C,E,N,Q,R,S,1,2,3,7,Easement,YES,,YES,FULL,,TRUE,,TRUE,7th Ave,42nd St,NW,40.756241,-73.987133,"(40.75529, -73.987495)","(40.756241, -73.987133)"
IRT,Broadway-7th Ave,Times Square,40.75529,-73.987495,A,C,E,N,Q,R,S,1,2,3,7,Stair,YES,,YES,FULL,,TRUE,,TRUE,7th Ave,42nd St,SW,40.756042,-73.987242,"(40.75529, -73.987495)","(40.756042, -73.987242)"
IRT,Broadway-7th Ave,Times Square,40.75529,-73.987495,A,C,E,N,Q,R,S,1,2,3,7,Easement,YES,,YES,NONE,,TRUE,,TRUE,7th Ave,40th St,SW,40.754691,-73.988067,"(40.75529, -73.987495)","(40.754691, -73.988067)"
IRT,Broadway-7th Ave,Times Square,40.75529,-73.987495,A,C,E,N,Q,R,S,1,2,3,7,Stair,YES,,YES,NONE,,TRUE,,TRUE,7th Ave,40th St,SE,40.754568,-73.987827,"(40.75529, -73.987495)","(40.754568, -73.987827)"
IRT,Broadway-7th Ave,Times Square,40.75529,-73.987495,A,C,E,N,Q,R,S,1,2,3,7,Stair,YES,,YES,NONE,,TRUE,,TRUE,7th Ave,41st St,NW,40.755554,-73.987679,"(40.75529, -73.987495)","(40.755554, -73.987679)"
IRT,Broadway-7th Ave,Times Square,40.75529,-73.987495,A,C,E,N,Q,R,S,1,2,3,7,Stair,YES,,YES,NONE,,TRUE,,TRUE,Broadway,42nd St,SE,40.755575,-73.986311,"(40.75529, -73.987495)","(40.755575, -73.986311)"
IRT,Broadway-7th Ave,Times Square,40.75529,-73.987495,A,C,E,N,Q,R,S,1,2,3,7,Easement,YES,,YES,PART,3pm-10:30pm everyday,TRUE,,TRUE,7th Ave,42nd St,SE,40.755747,-73.986875,"(40.75529, -73.987495)","(40.755747, -73.986875)"
IRT,Broadway-7th Ave,Times Square,40.75529,-73.987495,A,C,E,N,Q,R,S,1,2,3,7,Stair,YES,,YES,PART,7:30am-11:20pm everyday,TRUE,,TRUE,7th Ave,41st St,SE,40.755248,-73.987362,"(40.75529, -73.987495)","(40.755248, -73.987362)"
IRT,Broadway-7th Ave,Times Square,40.75529,-73.987495,A,C,E,N,Q,R,S,1,2,3,7,Stair,YES,,YES,PART,7:30am-11:20pm everyday,TRUE,,TRUE,7th Ave,41st St,SE,40.755334,-73.9872,"(40.75529, -73.987495)","(40.755334, -73.987200)"
BMT,Canarsie,Union Square,40.734789,-73.99073,L,N,Q,R,4,5,6,,,,,Stair,YES,,YES,NONE,,TRUE,Lex not ADA,TRUE,Broadway,14th St,SW,40.734755,-73.990991,"(40.734789, -73.99073)","(40.734755, -73.990991)"
BMT,Canarsie,Union Square,40.734789,-73.99073,L,N,Q,R,4,5,6,,,,,Stair,YES,,YES,NONE,,TRUE,Lex not ADA,TRUE,Broadway,14th St,SW,40.734859,-73.991235,"(40.734789, -73.99073)","(40.734859, -73.991235)"
IRT,Clark,Borough Hall,40.693219,-73.989998,R,2,3,4,5,,,,,,,Elevator,YES,,YES,FULL,,TRUE,,TRUE,Court Street,Montague Street,SE,40.693594,-73.990304,"(40.693219, -73.989998)","(40.693594, -73.990304)"
IRT,Clark,Borough Hall,40.693219,-73.989998,R,2,3,4,5,,,,,,,Stair,YES,,YES,FULL,,TRUE,,TRUE,Cadman Plaza West,Montague St,NE,40.693838,-73.990119,"(40.693219, -73.989998)","(40.693838, -73.990119)"
IRT,Clark,Borough Hall,40.693219,-73.989998,R,2,3,4,5,,,,,,,Stair,YES,,YES,FULL,,TRUE,,TRUE,Court St,Montague St,SW,40.693569,-73.990599,"(40.693219, -73.989998)","(40.693569, -73.990599)"
IRT,Clark,Borough Hall,40.693219,-73.989998,R,2,3,4,5,,,,,,,Stair,YES,,YES,FULL,,TRUE,,TRUE,Court St,Montague St,SW,40.693728,-73.99063,"(40.693219, -73.989998)","(40.693728, -73.990630)"
IRT,Eastern Parkway,Atlantic Av-Barclays Ctr,40.684359,-73.977666,B,D,N,Q,R,2,3,4,5,,,Easement,YES,,YES,FULL,,TRUE,,TRUE,Ashland Pl,Hanson Pl,SE,40.684976,-73.97788,"(40.684359, -73.977666)","(40.684976, -73.977880)"
IRT,Flushing,Broadway-74th St,40.746848,-73.891394,E,F,M,R,7,,,,,,,Stair,YES,,YES,NONE,,TRUE,,TRUE,74th St,Roosevelt Ave,NE,40.747025,-73.891413,"(40.746848, -73.891394)","(40.747025, -73.891413)"
IND,Fulton,Jay St - Borough Hall,40.692338,-73.987342,A,C,F,R,,,,,,,,Easement,YES,,YES,FULL,,FALSE,,TRUE,Jay St,Willoughby St,NW,40.692335,-73.987446,"(40.692338, -73.987342)","(40.692335, -73.987446)"
IND,Fulton,Jay St - Borough Hall,40.692338,-73.987342,A,C,F,R,,,,,,,,Easement,YES,,YES,FULL,,FALSE,,TRUE,Jay St,Willoughby St,NW,40.692393,-73.987443,"(40.692338, -73.987342)","(40.692393, -73.987443)"
IND,Fulton,Jay St - Borough Hall,40.692338,-73.987342,A,C,F,R,,,,,,,,Escalator,YES,,YES,FULL,,FALSE,,TRUE,Jay St,Willoughby St,NW,40.692336,-73.987494,"(40.692338, -73.987342)","(40.692336, -73.987494)"
IND,Fulton,Jay St - Borough Hall,40.692338,-73.987342,A,C,F,R,,,,,,,,Escalator,YES,,YES,FULL,,FALSE,,TRUE,Jay St,Willoughby St,NW,40.692394,-73.987491,"(40.692338, -73.987342)","(40.692394, -73.987491)"
IND,Fulton,Jay St - Borough Hall,40.692338,-73.987342,A,C,F,R,,,,,,,,Easement,YES,,YES,NONE,,FALSE,,TRUE,Jay St,Metrotech Walk,SW,40.693243,-73.987402,"(40.692338, -73.987342)","(40.693243, -73.987402)"
IND,Fulton,Jay St - Borough Hall,40.692338,-73.987342,A,C,F,R,,,,,,,,Easement,YES,,YES,NONE,,FALSE,,TRUE,Jay St,Metrotech Walk,SE,40.693491,-73.987089,"(40.692338, -73.987342)","(40.693491, -73.987089)"
IND,Fulton,Jay St - Borough Hall,40.692338,-73.987342,A,C,F,R,,,,,,,,Easement,YES,,YES,NONE,,FALSE,,TRUE,Jay St,Metrotech Walk,SW,40.693153,-73.987408,"(40.692338, -73.987342)","(40.693153, -73.987408)"
IND,Fulton,Jay St - Borough Hall,40.692338,-73.987342,A,C,F,R,,,,,,,,Escalator,YES,,YES,NONE,,FALSE,,TRUE,Jay St,Metrotech Walk,SW,40.693153,-73.987484,"(40.692338, -73.987342)","(40.693153, -73.987484)"
IND,Fulton,Jay St - Borough Hall,40.692338,-73.987342,A,C,F,R,,,,,,,,Escalator,YES,,YES,NONE,,FALSE,,TRUE,Jay St,Metrotech Walk,SW,40.693243,-73.987481,"(40.692338, -73.987342)","(40.693243, -73.987481)"
IND,Fulton,Jay St - Borough Hall,40.692338,-73.987342,A,C,F,R,,,,,,,,Stair,NO,,NO,NONE,,FALSE,,TRUE,Jay St,Willoughby St,NE,40.692397,-73.987162,"(40.692338, -73.987342)","(40.692397, -73.987162)"
IND,Fulton,Jay St - Borough Hall,40.692338,-73.987342,A,C,F,R,,,,,,,,Stair,NO,,NO,NONE,,FALSE,,TRUE,Jay St,Willoughby St,NE,40.692329,-73.987167,"(40.692338, -73.987342)","(40.692329, -73.987167)"
IND,Fulton,Jay St - Borough Hall,40.692338,-73.987342,A,C,F,R,,,,,,,,Stair,NO,,NO,NONE,,FALSE,,TRUE,Jay St,Fulton St,NE,40.691559,-73.987208,"(40.692338, -73.987342)","(40.691559, -73.987208)"
IND,Fulton,Jay St - Borough Hall,40.692338,-73.987342,A,C,F,R,,,,,,,,Stair,NO,,NO,NONE,,FALSE,,TRUE,Jay St,Fulton St,NW,40.6917,-73.987461,"(40.692338, -73.987342)","(40.691700, -73.987461)"
IRT,Lexington,14th St-Union Square,40.734673,-73.989951,L,N,Q,R,4,5,6,,,,,Easement,YES,,YES,FULL,,FALSE,,TRUE,4th Ave,14th St,NE,40.734406,-73.989437,"(40.734673, -73.989951)","(40.734406, -73.989437)"
IRT,Lexington,14th St-Union Square,40.734673,-73.989951,L,N,Q,R,4,5,6,,,,,Stair,YES,,YES,FULL,,FALSE,,TRUE,4th Ave,14th St,SE,40.73418,-73.989549,"(40.734673, -73.989951)","(40.734180, -73.989549)"
IRT,Lexington,14th St-Union Square,40.734673,-73.989951,L,N,Q,R,4,5,6,,,,,Stair,YES,,YES,FULL,,FALSE,,TRUE,4th Ave,14th St,SE,40.734222,-73.989674,"(40.734673, -73.989951)","(40.734222, -73.989674)"
IRT,Lexington,14th St-Union Square,40.734673,-73.989951,L,N,Q,R,4,5,6,,,,,Easement,YES,,YES,NONE,,FALSE,,TRUE,4th Ave,15th St,SW,40.735184,-73.989793,"(40.734673, -73.989951)","(40.735184, -73.989793)"
IRT,Lexington,14th St-Union Square,40.734673,-73.989951,L,N,Q,R,4,5,6,,,,,Stair,YES,,NO,NONE,,FALSE,,TRUE,4th Ave,14th St,SW,40.734495,-73.990311,"(40.734673, -73.989951)","(40.734495, -73.990311)"
IRT,Lexington,14th St-Union Square,40.734673,-73.989951,L,N,Q,R,4,5,6,,,,,Stair,YES,,NO,NONE,,FALSE,,TRUE,4th Ave,14th St,SW,40.734444,-73.990184,"(40.734673, -73.989951)","(40.734444, -73.990184)"
IRT,Lexington,59th St,40.762526,-73.967967,N,Q,R,4,5,6,,,,,,Stair,YES,,YES,FULL,,FALSE,,TRUE,Lexington Avenue,East 60th Street,SW,40.762836,-73.96804,"(40.762526, -73.967967)","(40.762836, -73.968040)"
IRT,Lexington,59th St,40.762526,-73.967967,N,Q,R,4,5,6,,,,,,Easement,YES,,YES,NONE,,FALSE,,TRUE,Lexington Ave,60th St,SE,40.76266,-73.967625,"(40.762526, -73.967967)","(40.762660, -73.967625)"
IRT,Lexington,59th St,40.762526,-73.967967,N,Q,R,4,5,6,,,,,,Stair,YES,,YES,NONE,,FALSE,,TRUE,Lexington Ave,59th St,NW,40.762414,-73.968371,"(40.762526, -73.967967)","(40.762414, -73.968371)"
IRT,Lexington,59th St,40.762526,-73.967967,N,Q,R,4,5,6,,,,,,Stair,YES,,YES,NONE,,FALSE,,TRUE,Lexington Ave,59th St,SW,40.762266,-73.968479,"(40.762526, -73.967967)","(40.762266, -73.968479)"
IRT,Lexington,59th St,40.762526,-73.967967,N,Q,R,4,5,6,,,,,,Stair,YES,,YES,NONE,,FALSE,,TRUE,Lexington Ave,60th St,NE,40.762835,-73.967554,"(40.762526, -73.967967)","(40.762835, -73.967554)"
IRT,Lexington,59th St,40.762526,-73.967967,N,Q,R,4,5,6,,,,,,Stair,YES,,YES,NONE,,FALSE,,TRUE,Lexington Ave,59th St,SE,40.762069,-73.968016,"(40.762526, -73.967967)","(40.762069, -73.968016)"
IRT,Lexington,59th St,40.762526,-73.967967,N,Q,R,4,5,6,,,,,,Stair,NO,,NO,NONE,,FALSE,,TRUE,Lexington Ave,60th St,NW,40.762986,-73.96785,"(40.762526, -73.967967)","(40.762986, -73.967850)"
IRT,Lexington,Borough Hall,40.692404,-73.990151,R,2,3,4,5,,,,,,,Stair,YES,,YES,FULL,,TRUE,,TRUE,Court St,Joralemon St,SE,40.69234,-73.99056,"(40.692404, -73.990151)","(40.692340, -73.990560)"
IRT,Lexington,Borough Hall,40.692404,-73.990151,R,2,3,4,5,,,,,,,Stair,YES,,YES,FULL,,TRUE,,TRUE,Court St,Joralemon St,SE,40.692299,-73.990301,"(40.692404, -73.990151)","(40.692299, -73.990301)"
IRT,Lexington,Borough Hall,40.692404,-73.990151,R,2,3,4,5,,,,,,,Stair,YES,,YES,FULL,,TRUE,,TRUE,Court St,Joralemon St,NE,40.692548,-73.990099,"(40.692404, -73.990151)","(40.692548, -73.990099)"
IRT,Lexington,Borough Hall,40.692404,-73.990151,R,2,3,4,5,,,,,,,Stair,YES,,YES,FULL,,TRUE,,TRUE,Court St,Joralemon St,NE,40.692588,-73.990572,"(40.692404, -73.990151)","(40.692588, -73.990572)"
IRT,Lexington,Borough Hall,40.692404,-73.990151,R,2,3,4,5,,,,,,,Stair,YES,,YES,NONE,,TRUE,,TRUE,Court St,Joralemon St,SW,40.692489,-73.991193,"(40.692404, -73.990151)","(40.692489, -73.991193)"
IRT,Lexington,Canal St,40.718803,-74.000193,J,N,Q,R,Z,6,,,,,,Stair,YES,,YES,FULL,,TRUE,Bway Nass not ADA,TRUE,Lafayette St,Canal St,SE,40.718155,-74.000317,"(40.718803, -74.000193)","(40.718155, -74.000317)"
IRT,Lexington,Canal St,40.718803,-74.000193,J,N,Q,R,Z,6,,,,,,Stair,YES,,YES,FULL,,TRUE,Bway Nass not ADA,TRUE,Lafayette St,Canal St,SE,40.718197,-74.000388,"(40.718803, -74.000193)","(40.718197, -74.000388)"
IRT,Lexington,Canal St,40.718803,-74.000193,J,N,Q,R,Z,6,,,,,,Elevator,YES,,YES,NONE,,TRUE,Bway Nass not ADA,TRUE,Lafayette St,Canal St,NE,40.718304,-74.000138,"(40.718803, -74.000193)","(40.718304, -74.000138)"
IRT,Lexington,Canal St,40.718803,-74.000193,J,N,Q,R,Z,6,,,,,,Stair,YES,,YES,NONE,,TRUE,Bway Nass not ADA,TRUE,Lafayette St,Canal St,NE,40.718358,-74.000216,"(40.718803, -74.000193)","(40.718358, -74.000216)"
IRT,Lexington,Canal St,40.718803,-74.000193,J,N,Q,R,Z,6,,,,,,Elevator,NO,,NO,NONE,,TRUE,Bway Nass not ADA,TRUE,Lafayette St,Canal St,NW,40.718589,-74.000552,"(40.718803, -74.000193)","(40.718589, -74.000552)"
IRT,Lexington,Canal St,40.718803,-74.000193,J,N,Q,R,Z,6,,,,,,Stair,NO,,NO,NONE,,TRUE,Bway Nass not ADA,TRUE,Lafayette St,Canal St,SW,40.718506,-74.000826,"(40.718803, -74.000193)","(40.718506, -74.000826)"
IRT,Lexington,Canal St,40.718803,-74.000193,J,N,Q,R,Z,6,,,,,,Stair,NO,,NO,NONE,,TRUE,Bway Nass not ADA,TRUE,Lafayette St,Canal St,NW,40.718638,-74.000623,"(40.718803, -74.000193)","(40.718638, -74.000623)"
BMT,Nassau,Canal St,40.718092,-73.999892,J,N,Q,R,Z,6,,,,,,Stair,YES,,YES,NONE,,FALSE,,TRUE,Centre St,Canal St,SW,40.717823,-74.000326,"(40.718092, -73.999892)","(40.717823, -74.000326)"
IND,Queens Boulevard,36th St,40.752039,-73.928781,M,R,,,,,,,,,,Stair,YES,,YES,FULL,,FALSE,,FALSE,35th St,38th Ave,NE,40.752232,-73.928775,"(40.752039, -73.928781)","(40.752232, -73.928775)"
IND,Queens Boulevard,36th St,40.752039,-73.928781,M,R,,,,,,,,,,Stair,YES,,YES,FULL,,FALSE,,FALSE,35th St,38th Ave,SW,40.752198,-73.929263,"(40.752039, -73.928781)","(40.752198, -73.929263)"
IND,Queens Boulevard,36th St,40.752039,-73.928781,M,R,,,,,,,,,,Stair,YES,,YES,NONE,,FALSE,,FALSE,34th St,Northern Blvd,SW,40.751868,-73.930585,"(40.752039, -73.928781)","(40.751868, -73.930585)"
IND,Queens Boulevard,36th St,40.752039,-73.928781,M,R,,,,,,,,,,Stair,YES,,NO,NONE,,FALSE,,FALSE,36th St,Northern Blvd,NE,40.752238,-73.927662,"(40.752039, -73.928781)","(40.752238, -73.927662)"
IND,Queens Boulevard,36th St,40.752039,-73.928781,M,R,,,,,,,,,,Stair,YES,,NO,NONE,,FALSE,,FALSE,36th St,Northern Blvd,SE,40.75193,-73.927141,"(40.752039, -73.928781)","(40.751930, -73.927141)"
IND,Queens Boulevard,46th St,40.756312,-73.913333,M,R,,,,,,,,,,Stair,YES,,YES,FULL,,FALSE,,FALSE,46th St,Broadway,NW,40.756868,-73.914303,"(40.756312, -73.913333)","(40.756868, -73.914303)"
IND,Queens Boulevard,46th St,40.756312,-73.913333,M,R,,,,,,,,,,Stair,YES,,YES,NONE,,FALSE,,FALSE,48th St,Newtown Rd,NE,40.756029,-73.91218,"(40.756312, -73.913333)","(40.756029, -73.912180)"
IND,Queens Boulevard,46th St,40.756312,-73.913333,M,R,,,,,,,,,,Stair,YES,,YES,NONE,,FALSE,,FALSE,46th St,Broadway,SW,40.756624,-73.914407,"(40.756312, -73.913333)","(40.756624, -73.914407)"
IND,Queens Boulevard,46th St,40.756312,-73.913333,M,R,,,,,,,,,,Stair,YES,,YES,NONE,,FALSE,,FALSE,48th St,Broadway,SE,40.755813,-73.912642,"(40.756312, -73.913333)","(40.755813, -73.912642)"
IND,Queens Boulevard,63rd Drive-Rego Park,40.729846,-73.861604,M,R,,,,,,,,,,Stair,YES,Yes,YES,FULL,,FALSE,,TRUE,63rd Rd,Queens Blvd,SW,40.729953,-73.862699,"(40.729846, -73.861604)","(40.729953, -73.862699)"
IND,Queens Boulevard,63rd Drive-Rego Park,40.729846,-73.861604,M,R,,,,,,,,,,Stair,YES,,YES,FULL,,FALSE,,TRUE,63rd Rd,Queens Blvd,NE,40.729265,-73.860814,"(40.729846, -73.861604)","(40.729265, -73.860814)"
IND,Queens Boulevard,63rd Drive-Rego Park,40.729846,-73.861604,M,R,,,,,,,,,,Stair,NO,Yes,NO,NONE,,FALSE,,TRUE,63rd Rd,Queens Blvd,NE,40.730417,-73.862373,"(40.729846, -73.861604)","(40.730417, -73.862373)"
IND,Queens Boulevard,63rd Drive-Rego Park,40.729846,-73.861604,M,R,,,,,,,,,,Stair,NO,,NO,NONE,,FALSE,,TRUE,63rd Dr,Queens Blvd,NW,40.730037,-73.861343,"(40.729846, -73.861604)","(40.730037, -73.861343)"
IND,Queens Boulevard,63rd Drive-Rego Park,40.729846,-73.861604,M,R,,,,,,,,,,Stair,NO,,NO,NONE,,FALSE,,TRUE,63rd Dr,Queens Blvd,SW,40.729574,-73.861751,"(40.729846, -73.861604)","(40.729574, -73.861751)"
IND,Queens Boulevard,63rd Drive-Rego Park,40.729846,-73.861604,M,R,,,,,,,,,,Stair,NO,,NO,NONE,,FALSE,,TRUE,64th Rd,Queens Blvd,SE,40.728847,-73.859668,"(40.729846, -73.861604)","(40.728847, -73.859668)"
IND,Queens Boulevard,63rd Drive-Rego Park,40.729846,-73.861604,M,R,,,,,,,,,,Stair,NO,,NO,NONE,,FALSE,,TRUE,64th Rd,Queens Blvd,NW,40.729774,-73.860489,"(40.729846, -73.861604)","(40.729774, -73.860489)"
IND,Queens Boulevard,65th St,40.749669,-73.898453,M,R,,,,,,,,,,Stair,YES,,YES,FULL,,FALSE,,TRUE,65th St,Broadway,SE,40.749145,-73.897495,"(40.749669, -73.898453)","(40.749145, -73.897495)"
IND,Queens Boulevard,65th St,40.749669,-73.898453,M,R,,,,,,,,,,Stair,YES,,YES,FULL,,FALSE,,TRUE,65th St,Broadway,NE,40.74933,-73.897382,"(40.749669, -73.898453)","(40.749330, -73.897382)"
IND,Queens Boulevard,67th Av,40.726523,-73.852719,M,R,,,,,,,,,,Stair,YES,,YES,FULL,,FALSE,,TRUE,67th Ave,Queens Blvd,SE,40.726598,-73.853534,"(40.726523, -73.852719)","(40.726598, -73.853534)"
IND,Queens Boulevard,67th Av,40.726523,-73.852719,M,R,,,,,,,,,,Stair,YES,,YES,FULL,,FALSE,,TRUE,67th Ave,Queens Blvd,NE,40.727073,-73.853226,"(40.726523, -73.852719)","(40.727073, -73.853226)"
IND,Queens Boulevard,67th Av,40.726523,-73.852719,M,R,,,,,,,,,,Stair,YES,,YES,NONE,,FALSE,,TRUE,67th Dr,Queens Blvd,SW,40.72603,-73.852186,"(40.726523, -73.852719)","(40.726030, -73.852186)"
IND,Queens Boulevard,67th Av,40.726523,-73.852719,M,R,,,,,,,,,,Stair,YES,,YES,NONE,,FALSE,,TRUE,67th Dr,Queens Blvd,NW,40.726367,-73.851592,"(40.726523, -73.852719)","(40.726367, -73.851592)"
IND,Queens Boulevard,Elmhurst Av,40.742454,-73.882017,M,R,,,,,,,,,,Stair,YES,,NO,FULL,,FALSE,,FALSE,Elmhurst Ave,Broadway,SE,40.741729,-73.881135,"(40.742454, -73.882017)","(40.741729, -73.881135)"
IND,Queens Boulevard,Elmhurst Av,40.742454,-73.882017,M,R,,,,,,,,,,Stair,YES,,NO,FULL,,FALSE,,FALSE,Elmhurst Ave,Broadway,NW,40.742066,-73.881039,"(40.742454, -73.882017)","(40.742066, -73.881039)"
IND,Queens Boulevard,Elmhurst Av,40.742454,-73.882017,M,R,,,,,,,,,,Stair,YES,,NO,FULL,,FALSE,,FALSE,Elmhurst Ave,Broadway,SW,40.741861,-73.881457,"(40.742454, -73.882017)","(40.741861, -73.881457)"
IND,Queens Boulevard,Elmhurst Av,40.742454,-73.882017,M,R,,,,,,,,,,Stair,YES,,NO,FULL,,FALSE,,FALSE,Britton Ave,Broadway,NW,40.742937,-73.882708,"(40.742454, -73.882017)","(40.742937, -73.882708)"
IND,Queens Boulevard,Elmhurst Av,40.742454,-73.882017,M,R,,,,,,,,,,Stair,YES,,NO,FULL,,FALSE,,FALSE,Britton Ave,Broadway,SW,40.742791,-73.883025,"(40.742454, -73.882017)","(40.742791, -73.883025)"
IND,Queens Boulevard,Forest Hills-71st Av,40.721691,-73.844521,E,F,M,R,,,,,,,,Stair,YES,,YES,FULL,,FALSE,in planning,TRUE,71st,Queens Blvd,SE,40.7211,-73.844039,"(40.721691, -73.844521)","(40.721100, -73.844039)"
IND,Queens Boulevard,Forest Hills-71st Av,40.721691,-73.844521,E,F,M,R,,,,,,,,Stair,YES,,YES,FULL,,FALSE,in planning,TRUE,71st,Queens Blvd,NE,40.72149,-73.843389,"(40.721691, -73.844521)","(40.721490, -73.843389)"
IND,Queens Boulevard,Forest Hills-71st Av,40.721691,-73.844521,e,F,M,R,,,,,,,,Stair,YES,,YES,NONE,,FALSE,in planning,TRUE,70th Rd,Queens Blvd,NW,40.722269,-73.845153,"(40.721691, -73.844521)","(40.722269, -73.845153)"
IND,Queens Boulevard,Forest Hills-71st Av,40.721691,-73.844521,E,F,M,R,,,,,,,,Stair,YES,,YES,NONE,,FALSE,in planning,TRUE,71st,Queens Blvd,SW,40.721409,-73.844632,"(40.721691, -73.844521)","(40.721409, -73.844632)"
IND,Queens Boulevard,Forest Hills-71st Av,40.721691,-73.844521,E,F,M,R,,,,,,,,Stair,YES,,YES,NONE,,FALSE,in planning,TRUE,108th St,Queens Blvd,NW,40.721916,-73.844352,"(40.721691, -73.844521)","(40.721916, -73.844352)"
IND,Queens Boulevard,Grand Av-Newtown,40.737015,-73.877223,M,R,,,,,,,,,,Stair,YES,,YES,FULL,,FALSE,,TRUE,54th St,Queens Blvd,SE,40.735888,-73.876886,"(40.737015, -73.877223)","(40.735888, -73.876886)"
IND,Queens Boulevard,Grand Av-Newtown,40.737015,-73.877223,M,R,,,,,,,,,,Stair,YES,,YES,FULL,,FALSE,,TRUE,54th St,Queens Blvd,NE,40.736277,-73.876424,"(40.737015, -73.877223)","(40.736277, -73.876424)"
IND,Queens Boulevard,Grand Av-Newtown,40.737015,-73.877223,M,R,,,,,,,,,,Stair,YES,,YES,FULL,,FALSE,,TRUE,54th St,Queens Blvd,SW,40.736075,-73.877167,"(40.737015, -73.877223)","(40.736075, -73.877167)"
IND,Queens Boulevard,Grand Av-Newtown,40.737015,-73.877223,M,R,,,,,,,,,,Stair,YES,,YES,FULL,,FALSE,,TRUE,Broadway,Queens Blvd,SE,40.737354,-73.877191,"(40.737015, -73.877223)","(40.737354, -73.877191)"
IND,Queens Boulevard,Grand Av-Newtown,40.737015,-73.877223,M,R,,,,,,,,,,Stair,YES,,YES,FULL,,FALSE,,TRUE,Broadway,Queens Blvd,SW,40.737477,-73.877424,"(40.737015, -73.877223)","(40.737477, -73.877424)"
IND,Queens Boulevard,Jackson Heights-Roosevelt Ave,40.746644,-73.891338,E,F,M,R,7,,,,,,,Door,YES,,YES,FULL,,TRUE,,TRUE,75th St,Roosevelt Ave,SW,40.746784,-73.890958,"(40.746644, -73.891338)","(40.746784, -73.890958)"
IND,Queens Boulevard,Jackson Heights-Roosevelt Ave,40.746644,-73.891338,E,F,M,R,7,,,,,,,Door,YES,,YES,FULL,,TRUE,,TRUE,75th St,Broadway,NW,40.746597,-73.890955,"(40.746644, -73.891338)","(40.746597, -73.890955)"
IND,Queens Boulevard,Jackson Heights-Roosevelt Ave,40.746644,-73.891338,E,F,M,R,7,,,,,,,Stair,YES,,YES,NONE,,TRUE,,TRUE,73rd St,37th Rd,NE,40.747238,-73.892146,"(40.746644, -73.891338)","(40.747238, -73.892146)"
IND,Queens Boulevard,Jackson Heights-Roosevelt Ave,40.746644,-73.891338,E,F,M,R,7,,,,,,,Stair,YES,,YES,NONE,,TRUE,,TRUE,73rd St,Broadway,SW,40.747034,-73.892555,"(40.746644, -73.891338)","(40.747034, -73.892555)"
IND,Queens Boulevard,Jackson Heights-Roosevelt Ave,40.746644,-73.891338,E,F,M,R,7,,,,,,,Stair,NO,,NO,NONE,,TRUE,,TRUE,75th St,Broadway,SE,40.745988,-73.890208,"(40.746644, -73.891338)","(40.745988, -73.890208)"
IND,Queens Boulevard,Jackson Heights-Roosevelt Ave,40.746644,-73.891338,E,F,M,R,7,,,,,,,Stair,NO,,NO,NONE,,TRUE,,TRUE,75th St,Broadway,NE,40.746391,-73.890285,"(40.746644, -73.891338)","(40.746391, -73.890285)"
IND,Queens Boulevard,Jackson Heights-Roosevelt Ave,40.746644,-73.891338,E,F,M,R,7,,,,,,,Stair,NO,,NO,NONE,,TRUE,,TRUE,74th St,Roosevelt Av,SW,40.746527,-73.891461,"(40.746644, -73.891338)","(40.746527, -73.891461)"
IND,Queens Boulevard,Northern Blvd,40.752885,-73.906006,M,R,,,,,,,,,,Stair,YES,,YES,FULL,,FALSE,,FALSE,54th St,Northern Blvd,NW,40.753086,-73.907119,"(40.752885, -73.906006)","(40.753086, -73.907119)"
IND,Queens Boulevard,Northern Blvd,40.752885,-73.906006,M,R,,,,,,,,,,Stair,YES,,YES,NONE,,FALSE,,FALSE,54th St,Broadway,SW,40.753428,-73.906847,"(40.752885, -73.906006)","(40.753428, -73.906847)"
IND,Queens Boulevard,Queens Plaza,40.748973,-73.937243,E,M,R,,,,,,,,,Stair,YES,,YES,FULL,,TRUE,,TRUE,Jackson Ave,West St,SW,40.748705,-73.938471,"(40.748973, -73.937243)","(40.748705, -73.938471)"
IND,Queens Boulevard,Queens Plaza,40.748973,-73.937243,E,M,R,,,,,,,,,Stair,YES,,YES,FULL,,TRUE,,TRUE,Jackson Ave,Queens Blvd,SW,40.749086,-73.937896,"(40.748973, -73.937243)","(40.749086, -73.937896)"
IND,Queens Boulevard,Queens Plaza,40.748973,-73.937243,E,M,R,,,,,,,,,Stair,YES,,YES,FULL,,TRUE,,TRUE,Jackson Ave,Queens Blvd,SE,40.748697,-73.937364,"(40.748973, -73.937243)","(40.748697, -73.937364)"
IND,Queens Boulevard,Queens Plaza,40.748973,-73.937243,E,M,R,,,,,,,,,Stair,YES,,YES,FULL,,TRUE,,TRUE,Jackson Ave,Queens Blvd,NE,40.748807,-73.937057,"(40.748973, -73.937243)","(40.748807, -73.937057)"
IND,Queens Boulevard,Queens Plaza,40.748973,-73.937243,E,M,R,,,,,,,,,Stair,YES,,YES,FULL,,TRUE,,TRUE,Jackson Ave,West St,SE,40.748466,-73.938244,"(40.748973, -73.937243)","(40.748466, -73.938244)"
IND,Queens Boulevard,Queens Plaza,40.748973,-73.937243,E,M,R,,,,,,,,,Stair,YES,,YES,NONE,,TRUE,,TRUE,Northern Blvd,41st Ave,SE,40.749577,-73.936094,"(40.748973, -73.937243)","(40.749577, -73.936094)"
IND,Queens Boulevard,Queens Plaza,40.748973,-73.937243,E,M,R,,,,,,,,,Stair,YES,,YES,NONE,,TRUE,,TRUE,Northern Blvd,41st Ave,NW,40.749857,-73.936198,"(40.748973, -73.937243)","(40.749857, -73.936198)"
IND,Queens Boulevard,Steinway St,40.756879,-73.92074,M,R,,,,,,,,,,Stair,YES,,YES,FULL,,FALSE,,TRUE,Steinway St,Broadway,SW,40.758143,-73.919842,"(40.756879, -73.92074)","(40.758143, -73.919842)"
IND,Queens Boulevard,Steinway St,40.756879,-73.92074,M,R,,,,,,,,,,Stair,YES,,YES,FULL,,FALSE,,TRUE,Steinway St,Broadway,SE,40.758279,-73.919433,"(40.756879, -73.92074)","(40.758279, -73.919433)"
IND,Queens Boulevard,Steinway St,40.756879,-73.92074,M,R,,,,,,,,,,Stair,YES,,YES,NONE,,FALSE,,TRUE,Steinway St,34th Ave,SW,40.756583,-73.921108,"(40.756879, -73.92074)","(40.756583, -73.921108)"
IND,Queens Boulevard,Steinway St,40.756879,-73.92074,M,R,,,,,,,,,,Stair,YES,,YES,NONE,,FALSE,,TRUE,Steinway St,34th Ave,NE,40.756673,-73.920622,"(40.756879, -73.92074)","(40.756673, -73.920622)"
IND,Queens Boulevard,Woodhaven Blvd,40.733106,-73.869229,M,R,,,,,,,,,,Stair,YES,,YES,FULL,,FALSE,,TRUE,Woodhaven Blvd,Queens Blvd,SE,40.733041,-73.870334,"(40.733106, -73.869229)","(40.733041, -73.870334)"
IND,Queens Boulevard,Woodhaven Blvd,40.733106,-73.869229,M,R,,,,,,,,,,Stair,YES,,YES,FULL,,FALSE,,TRUE,Woodhaven Blvd,Queens Blvd,SW,40.733354,-73.870983,"(40.733106, -73.869229)","(40.733354, -73.870983)"
IND,Queens Boulevard,Woodhaven Blvd,40.733106,-73.869229,M,R,,,,,,,,,,Stair,YES,,YES,FULL,,FALSE,,TRUE,59th Ave,Queens Blvd,NE,40.733555,-73.869588,"(40.733106, -73.869229)","(40.733555, -73.869588)"
IND,Queens Boulevard,Woodhaven Blvd,40.733106,-73.869229,M,R,,,,,,,,,,Stair,YES,,YES,NONE,,FALSE,,TRUE,Horace Harding Expwy,Queens Blvd,NE,40.733188,-73.868605,"(40.733106, -73.869229)","(40.733188, -73.868605)"
